[{
        "firstname": "Silapakarn",
        "lastname": "Sanikosia",
        "age": 27,
        "gender": "male",
        "address": {
            "sub_district": "Ban Phai",
            "district": "m",
            "province": "Khon Kaen"
        },
        "contact": {
            "mobile": "645645645646",
            "email": "asdsadasd@fdsfds.com"
        }
    },
    {
        "firstname": "Paiboon",
        "lastname": "Panusbordee",
        "age": 35,
        "gender": "male",
        "address": {
            "sub_district": "Mahasawasd",
            "district": "Bangkrew",
            "province": "Nonthaburi"
        },
        "contact": {
            "mobile": "09999999999",
            "email": "paiboonpa@thaiprogrammer.org"
        }
    },
    {
        "firstname": "Peter",
        "lastname": "Parker",
        "age": 17,
        "gender": "male",
        "address": {
            "sub_district": "Chrystie Street",
            "district": "Manhattan",
            "province": "New York"
        },
        "contact": {
            "mobile": "09999999999",
            "email": "spiderman@marvel.com"
        }
    }
]