[{
        "_id": "5a3711070776d02ed87d2100",
        "index": 0,
        "guid": "fb08e9c3-c5b6-44e9-a4c6-73edcfbc8ae9",
        "isActive": false,
        "balance": "$2,762.54",
        "picture": "http://placehold.it/32x32",
        "age": 39,
        "eyeColor": "brown",
        "name": "Crystal Sampson",
        "gender": "female",
        "company": "ZAGGLE",
        "email": "crystalsampson@zaggle.com",
        "phone": "+1 (822) 582-2186",
        "address": "836 Batchelder Street, Harviell, Indiana, 966",
        "about": "Duis eu irure mollit sit voluptate proident do reprehenderit irure sunt irure tempor. Elit commodo mollit Lorem esse elit ea nostrud. Commodo cillum ipsum enim incididunt aliquip consectetur cillum cillum commodo et aliquip.\r\n",
        "registered": "2017-01-31T09:56:39 -07:00",
        "latitude": 18.386331,
        "longitude": -3.807078,
        "tags": [
            "laboris",
            "reprehenderit",
            "aliqua",
            "ipsum",
            "in",
            "consequat",
            "anim"
        ],
        "friends": [{
                "id": 0,
                "name": "Lily Mullen"
            },
            {
                "id": 1,
                "name": "Smith Howard"
            },
            {
                "id": 2,
                "name": "Ronda Stafford"
            }
        ],
        "greeting": "Hello, Crystal Sampson! You have 2 unread messages.",
        "favoriteFruit": "banana"
    },
    {
        "_id": "5a371107493db1e1fd7a153f",
        "index": 1,
        "guid": "e069513d-776b-4be3-83c8-1690e56da991",
        "isActive": true,
        "balance": "$1,521.80",
        "picture": "http://placehold.it/32x32",
        "age": 24,
        "eyeColor": "brown",
        "name": "Franklin Hubbard",
        "gender": "male",
        "company": "TASMANIA",
        "email": "franklinhubbard@tasmania.com",
        "phone": "+1 (908) 424-2376",
        "address": "443 Lincoln Place, Lowgap, Northern Mariana Islands, 5625",
        "about": "Enim eiusmod velit occaecat elit ex pariatur cillum velit adipisicing nulla est amet laboris veniam. Duis anim id veniam dolor nulla mollit id est aliquip in nisi fugiat officia aute. Labore quis mollit sint velit est. Ex ullamco aliqua nulla sunt enim. Fugiat cillum ea aute enim duis quis ut nisi quis. Anim dolore velit cillum commodo Lorem anim sit incididunt dolor proident reprehenderit tempor esse do.\r\n",
        "registered": "2016-06-16T01:01:57 -07:00",
        "latitude": 11.526571,
        "longitude": -160.042606,
        "tags": [
            "commodo",
            "minim",
            "officia",
            "sunt",
            "excepteur",
            "quis",
            "mollit"
        ],
        "friends": [{
            "id": 0,
            "name": "Mayra Monroe"
        }],
        "greeting": "Hello, Franklin Hubbard! You have 6 unread messages.",
        "favoriteFruit": "apple"
    },
    {
        "_id": "5a3711079f44c94b32f42b0b",
        "index": 2,
        "guid": "b462db8a-5cd1-4818-8301-debf21a1d9a2",
        "isActive": true,
        "balance": "$1,517.84",
        "picture": "http://placehold.it/32x32",
        "age": 34,
        "eyeColor": "brown",
        "name": "Franks Pace",
        "gender": "male",
        "company": "GRONK",
        "email": "frankspace@gronk.com",
        "phone": "+1 (892) 537-3192",
        "address": "988 Oceanic Avenue, Canterwood, Palau, 7372",
        "about": "Velit cupidatat eu incididunt aute. Ad officia nostrud esse proident minim et irure deserunt. Nisi voluptate proident ea cupidatat occaecat qui ea ad elit.\r\n",
        "registered": "2015-06-29T07:07:50 -07:00",
        "latitude": 89.932088,
        "longitude": -111.415082,
        "tags": [
            "tempor",
            "enim",
            "in",
            "ex",
            "ullamco",
            "voluptate",
            "culpa"
        ],
        "friends": [{
                "id": 0,
                "name": "Sykes Cotton"
            },
            {
                "id": 1,
                "name": "Horton Herring"
            },
            {
                "id": 2,
                "name": "Cathleen Marshall"
            }
        ],
        "greeting": "Hello, Franks Pace! You have 5 unread messages.",
        "favoriteFruit": "strawberry"
    },
    {
        "_id": "5a3711071f8377f04dcc0647",
        "index": 3,
        "guid": "d24ecc4c-6a0b-401d-bd8c-66a51506dcbb",
        "isActive": true,
        "balance": "$2,696.98",
        "picture": "http://placehold.it/32x32",
        "age": 21,
        "eyeColor": "blue",
        "name": "Vaughn Clemons",
        "gender": "male",
        "company": "SPACEWAX",
        "email": "vaughnclemons@spacewax.com",
        "phone": "+1 (899) 533-3321",
        "address": "183 Bank Street, Calvary, Arkansas, 4585",
        "about": "Adipisicing occaecat occaecat irure adipisicing. Elit aliqua nulla officia adipisicing anim magna laborum culpa magna et consequat. Irure proident duis sint aliqua nulla consequat fugiat ullamco. Anim labore incididunt nisi excepteur dolor fugiat dolore. Aliqua tempor veniam et qui voluptate dolor cupidatat dolore adipisicing pariatur tempor ut dolore eiusmod.\r\n",
        "registered": "2015-09-20T05:48:37 -07:00",
        "latitude": 73.044551,
        "longitude": -14.559545,
        "tags": [
            "consequat",
            "duis",
            "eiusmod",
            "pariatur",
            "laboris",
            "sit",
            "est"
        ],
        "friends": [],
        "greeting": "Hello, Vaughn Clemons! You have 9 unread messages.",
        "favoriteFruit": "apple"
    },
    {
        "_id": "5a3711072e74ea6f409fdb43",
        "index": 4,
        "guid": "290a0ef2-b592-4f59-988e-a91578dfabd1",
        "isActive": true,
        "balance": "$2,561.88",
        "picture": "http://placehold.it/32x32",
        "age": 26,
        "eyeColor": "green",
        "name": "Wheeler Kelley",
        "gender": "male",
        "company": "APEXTRI",
        "email": "wheelerkelley@apextri.com",
        "phone": "+1 (814) 594-2939",
        "address": "983 Lancaster Avenue, Keyport, Montana, 8589",
        "about": "Veniam dolor amet dolore ullamco est dolore. Aliquip aliqua laborum tempor proident quis magna aute deserunt in. Amet ad qui ad deserunt ex minim officia eu deserunt eiusmod id laborum incididunt. Eiusmod magna laboris magna ullamco ea deserunt esse ipsum do. Duis eu consequat reprehenderit amet laboris ut laboris cillum sunt veniam ullamco laboris amet cillum.\r\n",
        "registered": "2017-01-26T04:18:54 -07:00",
        "latitude": 53.786029,
        "longitude": -113.588391,
        "tags": [
            "cupidatat",
            "in",
            "cillum",
            "qui",
            "ad",
            "commodo",
            "sunt"
        ],
        "friends": [{
                "id": 0,
                "name": "Boone Velez"
            },
            {
                "id": 1,
                "name": "Lara Pearson"
            }
        ],
        "greeting": "Hello, Wheeler Kelley! You have 6 unread messages.",
        "favoriteFruit": "apple"
    },
    {
        "_id": "5a37110722a47e68e57f142f",
        "index": 5,
        "guid": "6345cc34-f2e0-43bf-aea9-276b20e03a57",
        "isActive": true,
        "balance": "$2,317.15",
        "picture": "http://placehold.it/32x32",
        "age": 34,
        "eyeColor": "blue",
        "name": "Katie Simon",
        "gender": "female",
        "company": "OVIUM",
        "email": "katiesimon@ovium.com",
        "phone": "+1 (983) 445-2862",
        "address": "683 Lee Avenue, Clayville, Wyoming, 2480",
        "about": "Magna excepteur consequat cupidatat aliquip nostrud. Cillum aute mollit pariatur sunt nisi. Labore est est cillum officia id proident. Et adipisicing aute duis exercitation proident non nulla sint aute cupidatat. Mollit est fugiat adipisicing ut duis do excepteur in quis minim ea. Aute quis magna exercitation nulla Lorem dolore do cillum id reprehenderit sit. Sint adipisicing aliquip tempor ullamco non officia non esse.\r\n",
        "registered": "2016-01-28T07:25:05 -07:00",
        "latitude": 27.532951,
        "longitude": -54.510705,
        "tags": [
            "exercitation",
            "nisi",
            "est",
            "esse",
            "in",
            "ad",
            "minim"
        ],
        "friends": [{
                "id": 0,
                "name": "Hanson Benson"
            },
            {
                "id": 1,
                "name": "Lauren Munoz"
            },
            {
                "id": 2,
                "name": "Barrera Blackwell"
            }
        ],
        "greeting": "Hello, Katie Simon! You have 7 unread messages.",
        "favoriteFruit": "strawberry"
    },
    {
        "_id": "5a371107066b63e31205f928",
        "index": 6,
        "guid": "7a57603c-dee3-4a59-a420-648773c0a113",
        "isActive": true,
        "balance": "$2,267.98",
        "picture": "http://placehold.it/32x32",
        "age": 40,
        "eyeColor": "blue",
        "name": "Kristie Trevino",
        "gender": "female",
        "company": "GEEKWAGON",
        "email": "kristietrevino@geekwagon.com",
        "phone": "+1 (914) 493-3566",
        "address": "930 Auburn Place, Gracey, Vermont, 282",
        "about": "Ex qui do cupidatat sint elit incididunt ullamco do sunt mollit nisi sint. Est dolor quis magna deserunt culpa fugiat exercitation tempor. Sint laboris labore exercitation magna Lorem commodo ipsum occaecat eu nostrud in fugiat. Sint aliquip irure Lorem pariatur duis amet esse minim mollit pariatur commodo commodo. Sunt magna commodo laborum non. Officia ut est veniam aliqua reprehenderit laborum. Ea esse quis sit cupidatat fugiat veniam sint quis aliqua ipsum.\r\n",
        "registered": "2016-05-29T03:25:31 -07:00",
        "latitude": 61.874179,
        "longitude": -164.460041,
        "tags": [
            "qui",
            "nisi",
            "nulla",
            "occaecat",
            "mollit",
            "amet",
            "ea"
        ],
        "friends": [{
            "id": 0,
            "name": "Rosalinda Christensen"
        }],
        "greeting": "Hello, Kristie Trevino! You have 1 unread messages.",
        "favoriteFruit": "strawberry"
    },
    {
        "_id": "5a371107d29f5b88763ed067",
        "index": 7,
        "guid": "cac65464-c318-4e03-b6c7-6393ccf944d5",
        "isActive": false,
        "balance": "$1,647.52",
        "picture": "http://placehold.it/32x32",
        "age": 34,
        "eyeColor": "green",
        "name": "Michael Woods",
        "gender": "female",
        "company": "SURETECH",
        "email": "michaelwoods@suretech.com",
        "phone": "+1 (887) 588-2044",
        "address": "563 Roosevelt Court, Bangor, Oregon, 5845",
        "about": "Ipsum nulla veniam minim tempor nostrud. Sunt officia aliqua veniam dolor aliquip ullamco esse irure enim. Aliquip non quis irure eu Lorem excepteur dolor excepteur eiusmod pariatur voluptate aute. Enim sit consectetur sit id tempor voluptate commodo aliqua veniam sit do magna aute.\r\n",
        "registered": "2015-04-01T11:05:46 -07:00",
        "latitude": 3.556589,
        "longitude": -3.87836,
        "tags": [
            "eiusmod",
            "sunt",
            "in",
            "cupidatat",
            "pariatur",
            "tempor",
            "tempor"
        ],
        "friends": [{
                "id": 0,
                "name": "Short Wright"
            },
            {
                "id": 1,
                "name": "Lillian Hill"
            },
            {
                "id": 2,
                "name": "Pearson Vega"
            }
        ],
        "greeting": "Hello, Michael Woods! You have 3 unread messages.",
        "favoriteFruit": "strawberry"
    },
    {
        "_id": "5a371107e7cb282674fa91ba",
        "index": 8,
        "guid": "785e4305-5a45-4b55-ac32-2562e359c95c",
        "isActive": false,
        "balance": "$1,883.18",
        "picture": "http://placehold.it/32x32",
        "age": 24,
        "eyeColor": "brown",
        "name": "Fisher Sears",
        "gender": "male",
        "company": "MEDALERT",
        "email": "fishersears@medalert.com",
        "phone": "+1 (972) 455-3179",
        "address": "377 Essex Street, Hickory, Nevada, 6087",
        "about": "Esse eu sunt exercitation est eu sint id nulla aliquip esse proident amet. Reprehenderit laborum voluptate do pariatur tempor nisi est culpa quis nisi. Ad ullamco aliqua pariatur enim sunt quis reprehenderit Lorem. Ea anim tempor est aliqua Lorem enim sit ut nostrud. Laboris laborum aliqua mollit sit culpa exercitation commodo ex. Pariatur esse incididunt anim magna eiusmod consequat anim. Minim incididunt elit mollit commodo qui commodo elit incididunt anim et.\r\n",
        "registered": "2014-07-22T07:19:56 -07:00",
        "latitude": 17.281604,
        "longitude": -99.53299,
        "tags": [
            "eu",
            "fugiat",
            "est",
            "veniam",
            "incididunt",
            "ea",
            "ea"
        ],
        "friends": [],
        "greeting": "Hello, Fisher Sears! You have 7 unread messages.",
        "favoriteFruit": "apple"
    },
    {
        "_id": "5a37110765fb042dc2916d9d",
        "index": 9,
        "guid": "8a66f040-5b06-42a4-9d56-869ff3c732f1",
        "isActive": false,
        "balance": "$1,495.34",
        "picture": "http://placehold.it/32x32",
        "age": 39,
        "eyeColor": "brown",
        "name": "Cummings Hardy",
        "gender": "male",
        "company": "NETPLODE",
        "email": "cummingshardy@netplode.com",
        "phone": "+1 (944) 499-2281",
        "address": "556 Moultrie Street, Edneyville, California, 1278",
        "about": "Laborum pariatur dolor eu aute aute sit minim irure anim irure. Incididunt irure et esse proident culpa. Id eiusmod ut irure eu minim esse nisi. Laborum cupidatat ad sit nostrud. Ad elit labore esse officia laboris sunt consectetur dolore labore. Reprehenderit est ullamco ut quis incididunt ullamco non enim cillum.\r\n",
        "registered": "2014-05-29T06:57:34 -07:00",
        "latitude": 75.895998,
        "longitude": 127.829988,
        "tags": [
            "nisi",
            "occaecat",
            "esse",
            "non",
            "ex",
            "in",
            "irure"
        ],
        "friends": [{
            "id": 0,
            "name": "Annie Mcconnell"
        }],
        "greeting": "Hello, Cummings Hardy! You have 7 unread messages.",
        "favoriteFruit": "strawberry"
    },
    {
        "_id": "5a371107e92ac1efaa56a45b",
        "index": 10,
        "guid": "be4ac3bb-a8b2-4f14-bd1e-6c6a8f8fe8c9",
        "isActive": false,
        "balance": "$2,912.60",
        "picture": "http://placehold.it/32x32",
        "age": 38,
        "eyeColor": "brown",
        "name": "Summers Pratt",
        "gender": "male",
        "company": "ZERBINA",
        "email": "summerspratt@zerbina.com",
        "phone": "+1 (894) 566-2788",
        "address": "610 Mersereau Court, Stewart, New York, 5786",
        "about": "Dolore ipsum sit consequat fugiat consequat. Incididunt eu fugiat aliquip nisi ut occaecat. Eiusmod occaecat proident minim cillum. Do quis mollit irure nisi Lorem magna pariatur deserunt velit irure quis proident nulla. Magna aliqua quis ipsum officia non deserunt eiusmod ut sunt deserunt veniam ipsum. Tempor minim minim cupidatat elit magna sit mollit nostrud cillum enim nostrud reprehenderit ea commodo. Occaecat sunt proident proident mollit officia.\r\n",
        "registered": "2016-06-16T04:45:30 -07:00",
        "latitude": -86.972306,
        "longitude": 89.172285,
        "tags": [
            "mollit",
            "officia",
            "culpa",
            "esse",
            "anim",
            "aute",
            "cupidatat"
        ],
        "friends": [{
                "id": 0,
                "name": "Stout Hernandez"
            },
            {
                "id": 1,
                "name": "Morales Copeland"
            },
            {
                "id": 2,
                "name": "Angelita Wilkinson"
            }
        ],
        "greeting": "Hello, Summers Pratt! You have 2 unread messages.",
        "favoriteFruit": "strawberry"
    },
    {
        "_id": "5a3711076224800cc138e3c5",
        "index": 11,
        "guid": "87c0ad4f-d12a-4aad-81ed-1fec461104fa",
        "isActive": true,
        "balance": "$2,037.94",
        "picture": "http://placehold.it/32x32",
        "age": 40,
        "eyeColor": "blue",
        "name": "Ballard Guerra",
        "gender": "male",
        "company": "EXOSPEED",
        "email": "ballardguerra@exospeed.com",
        "phone": "+1 (915) 404-2044",
        "address": "320 Lake Street, Westerville, Maryland, 9864",
        "about": "Ad fugiat et consequat irure occaecat dolore nisi. Ad elit ad esse aute ad velit ut occaecat aute minim reprehenderit et. Et est tempor occaecat ea occaecat officia exercitation aliqua mollit enim quis nulla mollit. Eu sunt et officia esse ipsum eu cupidatat officia velit velit. Eiusmod qui ullamco voluptate occaecat irure sunt ea. Sit laborum laborum id magna officia consectetur duis ea proident Lorem sunt.\r\n",
        "registered": "2016-05-03T11:15:32 -07:00",
        "latitude": 17.712243,
        "longitude": 127.44434,
        "tags": [
            "ea",
            "magna",
            "deserunt",
            "labore",
            "nulla",
            "voluptate",
            "ullamco"
        ],
        "friends": [{
            "id": 0,
            "name": "Marsh Perkins"
        }],
        "greeting": "Hello, Ballard Guerra! You have 9 unread messages.",
        "favoriteFruit": "strawberry"
    },
    {
        "_id": "5a371107cbb692e1ccd27ded",
        "index": 12,
        "guid": "6d685c1a-32af-4a48-a476-efa56f89527d",
        "isActive": true,
        "balance": "$3,576.03",
        "picture": "http://placehold.it/32x32",
        "age": 34,
        "eyeColor": "green",
        "name": "Felecia Crane",
        "gender": "female",
        "company": "RETRACK",
        "email": "feleciacrane@retrack.com",
        "phone": "+1 (946) 458-3150",
        "address": "765 Vista Place, Lisco, Illinois, 7768",
        "about": "Elit nostrud et aliqua laboris irure minim duis nulla consequat mollit. Commodo veniam quis proident officia sunt. Qui enim culpa nisi laborum non Lorem laboris magna ea ex. Amet et id commodo mollit labore irure proident reprehenderit pariatur ipsum.\r\n",
        "registered": "2016-03-08T10:18:22 -07:00",
        "latitude": -75.658722,
        "longitude": 79.492562,
        "tags": [
            "officia",
            "non",
            "duis",
            "sint",
            "aute",
            "et",
            "in"
        ],
        "friends": [{
            "id": 0,
            "name": "Booth Bonner"
        }],
        "greeting": "Hello, Felecia Crane! You have 4 unread messages.",
        "favoriteFruit": "apple"
    },
    {
        "_id": "5a37110708e52d671991d276",
        "index": 13,
        "guid": "1b3be59a-c233-4ad9-b62d-fdd6d8aadb52",
        "isActive": false,
        "balance": "$3,255.70",
        "picture": "http://placehold.it/32x32",
        "age": 29,
        "eyeColor": "brown",
        "name": "Joni Mejia",
        "gender": "female",
        "company": "BILLMED",
        "email": "jonimejia@billmed.com",
        "phone": "+1 (965) 544-3969",
        "address": "858 Langham Street, Diaperville, Alabama, 2647",
        "about": "Fugiat non laborum ad proident ipsum ex adipisicing aute non adipisicing. Sint deserunt pariatur quis exercitation mollit excepteur deserunt sint nulla. Mollit commodo eiusmod officia ullamco labore dolor. Anim nostrud mollit excepteur Lorem mollit deserunt. Eiusmod laborum exercitation dolor qui. Fugiat amet eiusmod laboris amet nostrud mollit et in eu culpa excepteur ad mollit.\r\n",
        "registered": "2014-03-07T12:27:48 -07:00",
        "latitude": -58.855514,
        "longitude": -164.706648,
        "tags": [
            "non",
            "consectetur",
            "fugiat",
            "sint",
            "non",
            "enim",
            "ullamco"
        ],
        "friends": [],
        "greeting": "Hello, Joni Mejia! You have 9 unread messages.",
        "favoriteFruit": "apple"
    },
    {
        "_id": "5a371107208b81a965d234bd",
        "index": 14,
        "guid": "445f7524-226e-4cfd-945f-ae9a2c8b7d34",
        "isActive": true,
        "balance": "$2,093.51",
        "picture": "http://placehold.it/32x32",
        "age": 23,
        "eyeColor": "blue",
        "name": "Lucas Barnett",
        "gender": "male",
        "company": "BIOHAB",
        "email": "lucasbarnett@biohab.com",
        "phone": "+1 (859) 411-3146",
        "address": "181 Beekman Place, Katonah, Oklahoma, 3203",
        "about": "Quis duis reprehenderit enim pariatur voluptate. Qui ea elit aliqua nulla sit magna occaecat officia pariatur ullamco mollit sit quis. Culpa ad magna ullamco consectetur excepteur ullamco proident dolore eiusmod consequat. Consectetur reprehenderit exercitation do et aute ullamco enim culpa ut incididunt ullamco.\r\n",
        "registered": "2017-06-09T04:44:20 -07:00",
        "latitude": -27.213057,
        "longitude": 160.892704,
        "tags": [
            "voluptate",
            "irure",
            "aute",
            "ad",
            "minim",
            "Lorem",
            "est"
        ],
        "friends": [{
            "id": 0,
            "name": "Tammi Cummings"
        }],
        "greeting": "Hello, Lucas Barnett! You have 6 unread messages.",
        "favoriteFruit": "apple"
    },
    {
        "_id": "5a37110767113b570288b660",
        "index": 15,
        "guid": "0f9296fc-41c8-4a94-951b-871bd2075da6",
        "isActive": false,
        "balance": "$1,003.47",
        "picture": "http://placehold.it/32x32",
        "age": 30,
        "eyeColor": "brown",
        "name": "Ila Rutledge",
        "gender": "female",
        "company": "UXMOX",
        "email": "ilarutledge@uxmox.com",
        "phone": "+1 (907) 522-3452",
        "address": "373 Hamilton Walk, Bordelonville, Kansas, 2188",
        "about": "Minim pariatur in cillum cillum magna incididunt ea dolore et aliquip duis ea. Fugiat ipsum laboris elit Lorem voluptate commodo. Aute irure irure mollit elit ex culpa officia sunt ad anim incididunt mollit. Fugiat ad proident mollit dolore cupidatat incididunt. Do ullamco minim dolore commodo officia do.\r\n",
        "registered": "2017-01-20T03:20:31 -07:00",
        "latitude": 73.624634,
        "longitude": -21.973829,
        "tags": [
            "nostrud",
            "eiusmod",
            "in",
            "cupidatat",
            "minim",
            "tempor",
            "labore"
        ],
        "friends": [{
                "id": 0,
                "name": "Barry Mays"
            },
            {
                "id": 1,
                "name": "Brittany Barron"
            }
        ],
        "greeting": "Hello, Ila Rutledge! You have 2 unread messages.",
        "favoriteFruit": "strawberry"
    },
    {
        "_id": "5a37110753339359bb11244f",
        "index": 16,
        "guid": "c7934c64-7ae0-4f08-a3d3-5e1c161fe227",
        "isActive": false,
        "balance": "$2,468.18",
        "picture": "http://placehold.it/32x32",
        "age": 25,
        "eyeColor": "brown",
        "name": "Callie Sharp",
        "gender": "female",
        "company": "QUILK",
        "email": "calliesharp@quilk.com",
        "phone": "+1 (975) 518-3375",
        "address": "190 Allen Avenue, Garberville, Iowa, 6965",
        "about": "Laborum qui cillum velit exercitation irure laboris cupidatat adipisicing enim in eiusmod. Enim labore sint do nisi nulla adipisicing eu minim commodo nostrud amet eiusmod sunt. Adipisicing commodo sint esse fugiat cupidatat exercitation. Deserunt velit consequat aute excepteur in velit labore dolore adipisicing minim occaecat sit laboris.\r\n",
        "registered": "2014-03-14T02:05:18 -07:00",
        "latitude": -89.420294,
        "longitude": -63.880965,
        "tags": [
            "anim",
            "est",
            "duis",
            "irure",
            "esse",
            "officia",
            "nisi"
        ],
        "friends": [{
            "id": 0,
            "name": "Josefa Medina"
        }],
        "greeting": "Hello, Callie Sharp! You have 4 unread messages.",
        "favoriteFruit": "strawberry"
    },
    {
        "_id": "5a3711072da924792a4b5cdf",
        "index": 17,
        "guid": "9234ef4b-693f-4fb9-81f8-7a6aad72a3c0",
        "isActive": false,
        "balance": "$2,616.48",
        "picture": "http://placehold.it/32x32",
        "age": 33,
        "eyeColor": "green",
        "name": "Sofia Malone",
        "gender": "female",
        "company": "DANCERITY",
        "email": "sofiamalone@dancerity.com",
        "phone": "+1 (905) 463-2394",
        "address": "778 Elliott Walk, Rushford, Guam, 9180",
        "about": "Elit anim commodo et duis proident. Amet eiusmod esse pariatur esse ut consectetur. Ipsum ea reprehenderit reprehenderit dolore laborum enim laborum ex qui fugiat reprehenderit. Velit est sit nisi excepteur mollit pariatur irure velit esse adipisicing. Voluptate eu esse quis laboris. Laborum laboris occaecat exercitation do minim sint.\r\n",
        "registered": "2014-06-19T05:57:11 -07:00",
        "latitude": -13.14057,
        "longitude": 76.694887,
        "tags": [
            "sit",
            "velit",
            "sint",
            "et",
            "reprehenderit",
            "commodo",
            "officia"
        ],
        "friends": [],
        "greeting": "Hello, Sofia Malone! You have 9 unread messages.",
        "favoriteFruit": "strawberry"
    },
    {
        "_id": "5a37110791bdc1ee45753892",
        "index": 18,
        "guid": "9f0fb0d4-f858-465f-8887-49620798e78f",
        "isActive": false,
        "balance": "$2,319.99",
        "picture": "http://placehold.it/32x32",
        "age": 21,
        "eyeColor": "brown",
        "name": "Garza Rojas",
        "gender": "male",
        "company": "CINASTER",
        "email": "garzarojas@cinaster.com",
        "phone": "+1 (968) 449-2970",
        "address": "485 Royce Place, Ventress, Florida, 9046",
        "about": "Ipsum nulla enim laborum tempor. Commodo do dolore quis est duis dolore ipsum aute aute magna ipsum pariatur. Amet fugiat sit ex sunt irure dolore dolor sit amet irure ut quis aute consectetur.\r\n",
        "registered": "2014-01-02T02:28:50 -07:00",
        "latitude": 60.286489,
        "longitude": 169.432574,
        "tags": [
            "sit",
            "est",
            "amet",
            "non",
            "elit",
            "enim",
            "et"
        ],
        "friends": [],
        "greeting": "Hello, Garza Rojas! You have 5 unread messages.",
        "favoriteFruit": "banana"
    },
    {
        "_id": "5a3711075fb9f745fc1eea7f",
        "index": 19,
        "guid": "b6abef3b-3c8b-4ff5-832e-cb0f6a061a20",
        "isActive": false,
        "balance": "$2,500.57",
        "picture": "http://placehold.it/32x32",
        "age": 31,
        "eyeColor": "green",
        "name": "Laura Burch",
        "gender": "female",
        "company": "GOLISTIC",
        "email": "lauraburch@golistic.com",
        "phone": "+1 (933) 581-3105",
        "address": "279 Dorset Street, Marion, Maine, 8662",
        "about": "Quis occaecat do pariatur dolore et eu duis aliquip aliquip nisi in. Enim non cillum nostrud non nostrud ut. Nostrud laboris irure deserunt mollit exercitation ex. Exercitation fugiat duis consectetur aliquip qui eiusmod cillum sit cupidatat irure reprehenderit. Velit officia dolore qui id commodo ea enim consequat esse mollit amet adipisicing.\r\n",
        "registered": "2017-06-10T12:07:09 -07:00",
        "latitude": 42.811454,
        "longitude": 55.610052,
        "tags": [
            "ullamco",
            "id",
            "pariatur",
            "ex",
            "ipsum",
            "do",
            "anim"
        ],
        "friends": [{
                "id": 0,
                "name": "Elsie Leonard"
            },
            {
                "id": 1,
                "name": "Mcbride Collier"
            },
            {
                "id": 2,
                "name": "Jordan Robertson"
            }
        ],
        "greeting": "Hello, Laura Burch! You have 10 unread messages.",
        "favoriteFruit": "strawberry"
    },
    {
        "_id": "5a371107b8dedc7ce188485a",
        "index": 20,
        "guid": "23d4df88-8ba4-4a04-a937-9a3c99e9d312",
        "isActive": false,
        "balance": "$1,500.10",
        "picture": "http://placehold.it/32x32",
        "age": 22,
        "eyeColor": "green",
        "name": "Jaime Edwards",
        "gender": "female",
        "company": "DIGIRANG",
        "email": "jaimeedwards@digirang.com",
        "phone": "+1 (845) 484-2188",
        "address": "639 Lexington Avenue, Unionville, Marshall Islands, 8507",
        "about": "Deserunt pariatur irure pariatur aliquip ad commodo non nulla adipisicing sit. Fugiat ullamco culpa elit reprehenderit et sit pariatur et duis. Aliqua nulla aute id officia in consequat ullamco nostrud anim anim tempor. Consequat aliqua occaecat sunt deserunt sint ipsum laborum ad nulla. Aliquip veniam Lorem eu tempor pariatur exercitation excepteur veniam sunt proident nostrud magna fugiat. Consectetur deserunt nulla nostrud pariatur adipisicing est qui qui dolore nostrud ullamco amet Lorem cupidatat. Dolore magna dolore consectetur eu in cupidatat ea culpa aliquip culpa dolore.\r\n",
        "registered": "2017-03-30T03:26:34 -07:00",
        "latitude": 10.583438,
        "longitude": 67.646006,
        "tags": [
            "laborum",
            "adipisicing",
            "officia",
            "id",
            "reprehenderit",
            "id",
            "aliquip"
        ],
        "friends": [{
                "id": 0,
                "name": "Addie Whitaker"
            },
            {
                "id": 1,
                "name": "Socorro Gamble"
            },
            {
                "id": 2,
                "name": "Cobb Mcleod"
            }
        ],
        "greeting": "Hello, Jaime Edwards! You have 3 unread messages.",
        "favoriteFruit": "strawberry"
    },
    {
        "_id": "5a371107de6e9c5992f616db",
        "index": 21,
        "guid": "386f1a01-76da-4cb0-b503-9be9b9b2d506",
        "isActive": false,
        "balance": "$3,065.16",
        "picture": "http://placehold.it/32x32",
        "age": 33,
        "eyeColor": "blue",
        "name": "Cora Blair",
        "gender": "female",
        "company": "TROPOLIS",
        "email": "corablair@tropolis.com",
        "phone": "+1 (910) 576-2936",
        "address": "937 Norwood Avenue, Lacomb, North Dakota, 5342",
        "about": "Proident sunt enim nostrud magna cillum cillum et excepteur. Excepteur mollit dolore cillum id exercitation. Fugiat reprehenderit sit velit cillum duis cillum aliquip do anim exercitation reprehenderit amet nostrud do. Qui ut id veniam id. Dolor irure adipisicing consectetur irure dolore reprehenderit mollit ad elit incididunt aliquip voluptate id minim.\r\n",
        "registered": "2014-06-16T06:26:56 -07:00",
        "latitude": 73.252941,
        "longitude": -157.807823,
        "tags": [
            "cillum",
            "eu",
            "culpa",
            "cupidatat",
            "reprehenderit",
            "pariatur",
            "incididunt"
        ],
        "friends": [{
                "id": 0,
                "name": "Leanna Conway"
            },
            {
                "id": 1,
                "name": "Gibbs Kinney"
            }
        ],
        "greeting": "Hello, Cora Blair! You have 4 unread messages.",
        "favoriteFruit": "strawberry"
    },
    {
        "_id": "5a3711076adf9da3c64e4beb",
        "index": 22,
        "guid": "d53d0a6c-e52e-4e1c-bdc9-7a1b34943302",
        "isActive": true,
        "balance": "$3,864.92",
        "picture": "http://placehold.it/32x32",
        "age": 22,
        "eyeColor": "brown",
        "name": "Bruce Alexander",
        "gender": "male",
        "company": "INRT",
        "email": "brucealexander@inrt.com",
        "phone": "+1 (892) 519-2233",
        "address": "267 Meadow Street, Chapin, Missouri, 9262",
        "about": "Sint non amet ullamco in nulla cupidatat consectetur nostrud nostrud. Nisi magna anim id sit enim in. Tempor nisi deserunt nostrud reprehenderit et proident ad esse exercitation voluptate ea dolor reprehenderit irure.\r\n",
        "registered": "2015-02-12T12:41:59 -07:00",
        "latitude": 45.517474,
        "longitude": 103.548404,
        "tags": [
            "non",
            "nulla",
            "amet",
            "aute",
            "Lorem",
            "voluptate",
            "et"
        ],
        "friends": [{
                "id": 0,
                "name": "Harmon Shaffer"
            },
            {
                "id": 1,
                "name": "Chapman Smith"
            }
        ],
        "greeting": "Hello, Bruce Alexander! You have 8 unread messages.",
        "favoriteFruit": "apple"
    }
]